{
    "value0": {
        "T_imu_cam": [
            {
                "px": 0.0,
                "py": 0.0,
                "pz": 0.0,
                "qx": 0.0,
                "qy": 0.0,
                "qz": 0.0,
                "qw": 1.0
            },
            {
                "px": 0.1010688506361046,
                "py": 0.001660568819520475,
                "pz": 0.0013898575805998174,
                "qx": -0.023957031756304226,
                "qy": 0.00017872673892989658,
                "qz": -0.0004599297645911109,
                "qw": 0.9997128673528175
            }
        ],
        "intrinsics": [
            {
                "camera_type": "eucm",
                "intrinsics": {
                    "fx": 191.1445657455008,
                    "fy": 191.13003715536079,
                    "cx": 254.95845323289968,
                    "cy": 256.8889140020007,
                    "alpha": 0.6291718809573833,
                    "beta": 1.0416357026344845
                }
            },
            {
                "camera_type": "eucm",
                "intrinsics": {
                    "fx": 190.4739078988154,
                    "fy": 190.43974138498184,
                    "cx": 252.56324579563617,
                    "cy": 255.0256940000179,
                    "alpha": 0.6281495665259682,
                    "beta": 1.0411081847302529
                }
            }
        ],
        "resolution": [
            [
                512,
                512
            ],
            [
                512,
                512
            ]
        ],
        "calib_accel_bias": [
            0.0,
            0.0,
            0.0,
            0.0,
            0.0,
            0.0,
            0.0,
            0.0,
            0.0
        ],
        "calib_gyro_bias": [
            0.0,
            0.0,
            0.0,
            0.0,
            0.0,
            0.0,
            0.0,
            0.0,
            0.0,
            0.0,
            0.0,
            0.0
        ],
        "imu_update_rate": 200.0,
        "accel_noise_std": [
            0.016,
            0.016,
            0.016
        ],
        "gyro_noise_std": [
            0.000282,
            0.000282,
            0.000282
        ],
        "accel_bias_std": [
            0.001,
            0.001,
            0.001
        ],
        "gyro_bias_std": [
            0.0001,
            0.0001,
            0.0001
        ],
        "cam_time_offset_ns": 0,
        "cam_line_delay_ns": 0,
        "vignette": []
    }
}