{
    "value0": {
        "T_imu_cam": [
            {
                "px": 0.0,
                "py": 0.0,
                "pz": 0.0,
                "qx": 0.0,
                "qy": 0.0,
                "qz": 0.0,
                "qw": 1.0
            }
        ],
        "intrinsics": [
            {
                "camera_type": "ds",
                "intrinsics": {
                    "fx": 1000.1887857449913,
                    "fy": 1000.8539249293252,
                    "cx": 673.6564991088504,
                    "cy": 499.4255406524104,
                    "xi": 0.027100454976432297,
                    "alpha": 0.12880826967269874
                }
            }
        ],
        "resolution": [
            [
                1280,
                960
            ]
        ],
        "calib_accel_bias": [
            0.0,
            0.0,
            0.0,
            0.0,
            0.0,
            0.0,
            0.0,
            0.0,
            0.0
        ],
        "calib_gyro_bias": [
            0.0,
            0.0,
            0.0,
            0.0,
            0.0,
            0.0,
            0.0,
            0.0,
            0.0,
            0.0,
            0.0,
            0.0
        ],
        "imu_update_rate": 200.0,
        "accel_noise_std": [
            0.016,
            0.016,
            0.016
        ],
        "gyro_noise_std": [
            0.000282,
            0.000282,
            0.000282
        ],
        "accel_bias_std": [
            0.001,
            0.001,
            0.001
        ],
        "gyro_bias_std": [
            0.0001,
            0.0001,
            0.0001
        ],
        "cam_time_offset_ns": 0,
        "vignette": [
            {
                "value0": 0,
                "value1": 10000000000,
                "value2": [
                    [
                        0.6507594597051015
                    ],
                    [
                        0.7763656995158066
                    ],
                    [
                        0.7879589068097016
                    ],
                    [
                        0.8130670787304508
                    ],
                    [
                        0.810399419670109
                    ],
                    [
                        0.768255856706207
                    ],
                    [
                        0.7673463647307277
                    ],
                    [
                        0.7721341655654035
                    ],
                    [
                        0.7674497283294284
                    ],
                    [
                        0.7817108478870303
                    ],
                    [
                        0.7975918069786078
                    ],
                    [
                        0.7908436069278904
                    ],
                    [
                        0.7656229169146193
                    ],
                    [
                        0.7623745371562727
                    ],
                    [
                        0.7600132160962263
                    ],
                    [
                        0.7558544255566955
                    ],
                    [
                        0.7617549342651413
                    ],
                    [
                        0.7696064532139635
                    ],
                    [
                        0.7682649114449804
                    ],
                    [
                        0.7671817115490115
                    ],
                    [
                        0.7545466294419885
                    ],
                    [
                        0.7506472519969567
                    ],
                    [
                        0.7469311420722391
                    ],
                    [
                        0.7499737111157708
                    ],
                    [
                        0.7587504862778408
                    ],
                    [
                        0.7578248707136318
                    ],
                    [
                        0.7496497096452125
                    ],
                    [
                        0.7497504091801512
                    ],
                    [
                        0.7499649333703065
                    ],
                    [
                        0.7399520968429845
                    ],
                    [
                        0.7416298623138081
                    ],
                    [
                        0.7446651898480441
                    ],
                    [
                        0.7460143743388449
                    ],
                    [
                        0.7441504030840964
                    ],
                    [
                        0.7485621963370918
                    ],
                    [
                        0.744803643132318
                    ],
                    [
                        0.7368620919056174
                    ],
                    [
                        0.7351790836751434
                    ],
                    [
                        0.7413604231257734
                    ],
                    [
                        0.7464564607848299
                    ],
                    [
                        0.7419825088209778
                    ],
                    [
                        0.7332661962980599
                    ],
                    [
                        0.7317640826624163
                    ],
                    [
                        0.7450898710118562
                    ],
                    [
                        0.7599621059632097
                    ],
                    [
                        0.7478090212307527
                    ],
                    [
                        0.7397021490024552
                    ],
                    [
                        0.7484001208012799
                    ],
                    [
                        0.7524688886340887
                    ],
                    [
                        0.7646006076816949
                    ],
                    [
                        0.7711446242857848
                    ],
                    [
                        0.7751007703495969
                    ],
                    [
                        0.7883660042885714
                    ],
                    [
                        0.7939172144678078
                    ],
                    [
                        0.8126238394162875
                    ],
                    [
                        0.7947697778821005
                    ],
                    [
                        0.7786828241429158
                    ],
                    [
                        0.7889772145287128
                    ],
                    [
                        0.8045690066850793
                    ],
                    [
                        0.8225502340263785
                    ],
                    [
                        0.8287851839498392
                    ],
                    [
                        0.8554454044701716
                    ],
                    [
                        0.8568230124080253
                    ],
                    [
                        0.8745639771919203
                    ],
                    [
                        0.8651247467353613
                    ],
                    [
                        0.8579576484445113
                    ],
                    [
                        0.8904769759079215
                    ],
                    [
                        0.9108024909662198
                    ],
                    [
                        0.8732029877666158
                    ],
                    [
                        0.8899376422122285
                    ],
