{
    "value0": {
        "T_imu_cam": [
            {
                "px": 0.0,
                "py": 0.0,
                "pz": 0.0,
                "qx": 0.0,
                "qy": 0.0,
                "qz": 0.0,
                "qw": 1.0
            }
        ],
        "intrinsics": [
            {
                "camera_type": "ds",
                "intrinsics": {
                    "fx": 1098.8430688094107,
                    "fy": 1100.5175199787503,
                    "cx": 672.9203335970022,
                    "cy": 496.3898121259128,
                    "xi": 0.12606758772096325,
                    "alpha": 0.07017166809186044
                }
            }
        ],
        "resolution": [
            [
                1280,
                960
            ]
        ],
        "calib_accel_bias": [
            0.0,
            0.0,
            0.0,
            0.0,
            0.0,
            0.0,
            0.0,
            0.0,
            0.0
        ],
        "calib_gyro_bias": [
            0.0,
            0.0,
            0.0,
            0.0,
            0.0,
            0.0,
            0.0,
            0.0,
            0.0,
            0.0,
            0.0,
            0.0
        ],
        "imu_update_rate": 200.0,
        "accel_noise_std": [
            0.016,
            0.016,
            0.016
        ],
        "gyro_noise_std": [
            0.000282,
            0.000282,
            0.000282
        ],
        "accel_bias_std": [
            0.001,
            0.001,
            0.001
        ],
        "gyro_bias_std": [
            0.0001,
            0.0001,
            0.0001
        ],
        "cam_time_offset_ns": 0,
        "cam_line_delay_ns": 0,
        "vignette": []
    }
}