{
    "value0": {
        "T_imu_cam": [
            {
                "px": 0.0,
                "py": 0.0,
                "pz": 0.0,
                "qx": 0.0,
                "qy": 0.0,
                "qz": 0.0,
                "qw": 1.0
            }
        ],
        "intrinsics": [
            {
                "camera_type": "ds",
                "intrinsics": {
                    "fx": 1022.966196222613,
                    "fy": 1023.9574541262284,
                    "cx": 673.273917083359,
                    "cy": 497.86749264729067,
                    "xi": 0.04696789809547734,
                    "alpha": 0.12050673527091442
                }
            }
        ],
        "resolution": [
            [
                1280,
                960
            ]
        ],
        "calib_accel_bias": [
            0.0,
            0.0,
            0.0,
            0.0,
            0.0,
            0.0,
            0.0,
            0.0,
            0.0
        ],
        "calib_gyro_bias": [
            0.0,
            0.0,
            0.0,
            0.0,
            0.0,
            0.0,
            0.0,
            0.0,
            0.0,
            0.0,
            0.0,
            0.0
        ],
        "imu_update_rate": 200.0,
        "accel_noise_std": [
            0.016,
            0.016,
            0.016
        ],
        "gyro_noise_std": [
            0.000282,
            0.000282,
            0.000282
        ],
        "accel_bias_std": [
            0.001,
            0.001,
            0.001
        ],
        "gyro_bias_std": [
            0.0001,
            0.0001,
            0.0001
        ],
        "cam_time_offset_ns": 0,
        "vignette": []
    }
}