{
    "value0": {
        "T_imu_cam": [
            {
                "px": 0.0,
                "py": 0.0,
                "pz": 0.0,
                "qx": 0.0,
                "qy": 0.0,
                "qz": 0.0,
                "qw": 1.0
            }
        ],
        "intrinsics": [
            {
                "camera_type": "kb4",
                "intrinsics": {
                    "fx": 994.3601681831174,
                    "fy": 995.6782890384749,
                    "cx": 637.2291040404143,
                    "cy": 358.9948381951817,
                    "k1": 0.48320984186236967,
                    "k2": -1.401640265911486,
                    "k3": 5.837731411354776,
                    "k4": -6.824945206562618
                }
            }
        ],
        "resolution": [
            [
                1280,
                720
            ]
        ],
        "calib_accel_bias": [
            0.0,
            0.0,
            0.0,
            0.0,
            0.0,
            0.0,
            0.0,
            0.0,
            0.0
        ],
        "calib_gyro_bias": [
            0.0,
            0.0,
            0.0,
            0.0,
            0.0,
            0.0,
            0.0,
            0.0,
            0.0,
            0.0,
            0.0,
            0.0
        ],
        "imu_update_rate": 200.0,
        "accel_noise_std": [
            0.016,
            0.016,
            0.016
        ],
        "gyro_noise_std": [
            0.000282,
            0.000282,
            0.000282
        ],
        "accel_bias_std": [
            0.001,
            0.001,
            0.001
        ],
        "gyro_bias_std": [
            0.0001,
            0.0001,
            0.0001
        ],
        "cam_time_offset_ns": 0,
        "cam_line_delay_ns": 0,
        "vignette": []
    }
}