{
    "value0": {
        "T_imu_cam": [
            {
                "px": 0.0,
                "py": 0.0,
                "pz": 0.0,
                "qx": 0.0,
                "qy": 0.0,
                "qz": 0.0,
                "qw": 1.0
            },
            {
                "px": 1.7924560425729393,
                "py": 0.12355214405101055,
                "pz": 0.0743798963868615,
                "qx": -0.1278704925714346,
                "qy": 0.46314683753822946,
                "qz": -0.0074410076686408969,
                "qw": 0.8769770666401436
            }
        ],
        "intrinsics": [
            {
                "camera_type": "ds",
                "intrinsics": {
                    "fx": 893.9013814574596,
                    "fy": 864.7722938483445,
                    "cx": 1410.4798031880642,
                    "cy": 984.362806317595,
                    "xi": -0.10795380195465033,
                    "alpha": 0.6906717459252528
                }
            },
            {
                "camera_type": "ds",
                "intrinsics": {
                    "fx": 1336.1671417819096,
                    "fy": 796.3513981638008,
                    "cx": 2512.0446434369239,
                    "cy": 1209.1286535596833,
                    "xi": -0.055228197469115457,
                    "alpha": 0.8036838707952952
                }
            }
        ],
        "resolution": [
            [
                1988,
                1326
            ],
            [
                1988,
                1326
            ]
        ],
        "calib_accel_bias": [
            0.0,
            0.0,
            0.0,
            0.0,
            0.0,
            0.0,
            0.0,
            0.0,
            0.0
        ],
        "calib_gyro_bias": [
            0.0,
            0.0,
            0.0,
            0.0,
            0.0,
            0.0,
            0.0,
            0.0,
            0.0,
            0.0,
            0.0,
            0.0
        ],
        "imu_update_rate": 200.0,
        "accel_noise_std": [
            0.016,
            0.016,
            0.016
        ],
        "gyro_noise_std": [
            0.000282,
            0.000282,
            0.000282
        ],
        "accel_bias_std": [
            0.001,
            0.001,
            0.001
        ],
        "gyro_bias_std": [
            0.0001,
            0.0001,
            0.0001
        ],
        "cam_time_offset_ns": 0,
        "cam_line_delay_ns": 0,
        "vignette": []
    }
}