{
    "value0": {
        "T_imu_cam": [
            {
                "px": 0.0,
                "py": 0.0,
                "pz": 0.0,
                "qx": 0.0,
                "qy": 0.0,
                "qz": 0.0,
                "qw": 1.0
            },
            {
                "px": 1.8381577856027232,
                "py": 0.009791962393781689,
                "pz": -0.0336496032266906,
                "qx": 0.0045877577225801329,
                "qy": -0.004655792902973903,
                "qz": 0.006671324362605,
                "qw": 0.9999563838001998
            }
        ],
        "intrinsics": [
            {
                "camera_type": "ds",
                "intrinsics": {
                    "fx": 4444.853098334381,
                    "fy": 4454.7856239524139,
                    "cx": 2023.4230471917816,
                    "cy": 1306.9257727030907,
                    "xi": 0.03078281669778557,
                    "alpha": 0.0
                }
            },
            {
                "camera_type": "ds",
                "intrinsics": {
                    "fx": 4508.143615798102,
                    "fy": 4509.1427844221939,
                    "cx": 1998.8746426602973,
                    "cy": 1284.999728136372,
                    "xi": 0.04512060166463801,
                    "alpha": 0.0
                }
            }
        ],
        "resolution": [
            [
                3976,
                2652
            ],
            [
                3976,
                2652
            ]
        ],
        "calib_accel_bias": [
            0.0,
            0.0,
            0.0,
            0.0,
            0.0,
            0.0,
            0.0,
            0.0,
            0.0
        ],
        "calib_gyro_bias": [
            0.0,
            0.0,
            0.0,
            0.0,
            0.0,
            0.0,
            0.0,
            0.0,
            0.0,
            0.0,
            0.0,
            0.0
        ],
        "imu_update_rate": 200.0,
        "accel_noise_std": [
            0.016,
            0.016,
            0.016
        ],
        "gyro_noise_std": [
            0.000282,
            0.000282,
            0.000282
        ],
        "accel_bias_std": [
            0.001,
            0.001,
            0.001
        ],
        "gyro_bias_std": [
            0.0001,
            0.0001,
            0.0001
        ],
        "cam_time_offset_ns": 0,
        "cam_line_delay_ns": 0,
        "vignette": []
    }
}