{
    "value0": {
        "T_imu_cam": [
            {
                "px": 0.0,
                "py": 0.0,
                "pz": 0.0,
                "qx": 0.0,
                "qy": 0.0,
                "qz": 0.0,
                "qw": 1.0
            },
            {
                "px": 1.8403824978334536,
                "py": 0.007884691409551599,
                "pz": -0.01241262429633828,
                "qx": 0.004522260259734728,
                "qy": -0.002875300581728998,
                "qz": 0.006800260790052898,
                "qw": 0.9999625184285135
            }
        ],
        "intrinsics": [
            {
                "camera_type": "ds",
                "intrinsics": {
                    "fx": 1003.9738356386774,
                    "fy": 1005.304477951598,
                    "cx": 495.82811097905019,
                    "cy": 314.8682141870522,
                    "xi": -0.11478008036520451,
                    "alpha": 0.09176050025950676
                }
            },
            {
                "camera_type": "ds",
                "intrinsics": {
                    "fx": 1231.7732373040504,
                    "fy": 1232.30390449514,
                    "cx": 493.74970189848917,
                    "cy": 308.6071911708731,
                    "xi": 0.0882446672571733,
                    "alpha": 0.0
                }
            }
        ],
        "resolution": [
            [
                994,
                663
            ],
            [
                994,
                663
            ]
        ],
        "calib_accel_bias": [
            0.0,
            0.0,
            0.0,
            0.0,
            0.0,
            0.0,
            0.0,
            0.0,
            0.0
        ],
        "calib_gyro_bias": [
            0.0,
            0.0,
            0.0,
            0.0,
            0.0,
            0.0,
            0.0,
            0.0,
            0.0,
            0.0,
            0.0,
            0.0
        ],
        "imu_update_rate": 200.0,
        "accel_noise_std": [
            0.016,
            0.016,
            0.016
        ],
        "gyro_noise_std": [
            0.000282,
            0.000282,
            0.000282
        ],
        "accel_bias_std": [
            0.001,
            0.001,
            0.001
        ],
        "gyro_bias_std": [
            0.0001,
            0.0001,
            0.0001
        ],
        "cam_time_offset_ns": 0,
        "cam_line_delay_ns": 0,
        "vignette": []
    }
}