{
    "value0": {
        "T_imu_cam": [
            {
                "px": 0.0,
                "py": 0.0,
                "pz": 0.0,
                "qx": 0.0,
                "qy": 0.0,
                "qz": 0.0,
                "qw": 1.0
            },
            {
                "px": 0.10106504697232069,
                "py": 0.0016607671523298528,
                "pz": 0.001389970524183807,
                "qx": -0.023955912164045587,
                "qy": 0.00017370003808334937,
                "qz": -0.0004596110151779545,
                "qw": 0.9997128952146211
            }
        ],
        "intrinsics": [
            {
                "camera_type": "kb4",
                "intrinsics": {
                    "fx": 191.10671182752282,
                    "fy": 191.09331515806626,
                    "cx": 254.9577631929594,
                    "cy": 256.8876000858632,
                    "k1": 0.007186886756020898,
                    "k2": -0.004496884939280045,
                    "k3": 0.0011260888325693862,
                    "k4": -0.00042209215780371535
                }
            },
            {
                "camera_type": "kb4",
                "intrinsics": {
                    "fx": 190.45033952804904,
                    "fy": 190.41739989150717,
                    "cx": 252.55962123605469,
                    "cy": 255.02417193743069,
                    "k1": 0.007574745210724438,
                    "k2": -0.004188436362105404,
                    "k3": 0.0010694302312244163,
                    "k4": -0.0004303178510603922
                }
            }
        ],
        "resolution": [
            [
                512,
                512
            ],
            [
                512,
                512
            ]
        ],
        "calib_accel_bias": [
            0.0,
            0.0,
            0.0,
            0.0,
            0.0,
            0.0,
            0.0,
            0.0,
            0.0
        ],
        "calib_gyro_bias": [
            0.0,
            0.0,
            0.0,
            0.0,
            0.0,
            0.0,
            0.0,
            0.0,
            0.0,
            0.0,
            0.0,
            0.0
        ],
        "imu_update_rate": 200.0,
        "accel_noise_std": [
            0.016,
            0.016,
            0.016
        ],
        "gyro_noise_std": [
            0.000282,
            0.000282,
            0.000282
        ],
        "accel_bias_std": [
            0.001,
            0.001,
            0.001
        ],
        "gyro_bias_std": [
            0.0001,
            0.0001,
            0.0001
        ],
        "cam_time_offset_ns": 0,
        "cam_line_delay_ns": 0,
        "vignette": []
    }
}