{
    "value0": {
        "T_imu_cam": [
            {
                "px": 0.0,
                "py": 0.0,
                "pz": 0.0,
                "qx": 0.0,
                "qy": 0.0,
                "qz": 0.0,
                "qw": 1.0
            },
            {
                "px": 0.10107104795650934,
                "py": 0.001660271777388036,
                "pz": 0.0013865399444489098,
                "qx": -0.023953317550746098,
                "qy": 0.00017935272606075218,
                "qz": -0.0004594457214779933,
                "qw": 0.999712956463275
            }
        ],
        "intrinsics": [
            {
                "camera_type": "eucm",
                "intrinsics": {
                    "fx": 191.14302867031223,
                    "fy": 191.1284583615943,
                    "cx": 254.95910640337866,
                    "cy": 256.88851089149218,
                    "alpha": 0.6291775786959085,
                    "beta": 1.0416118625981624
                }
            },
            {
                "camera_type": "eucm",
                "intrinsics": {
                    "fx": 190.4744967018268,
                    "fy": 190.44005959210893,
                    "cx": 252.56495767870536,
                    "cy": 255.02398571332606,
                    "alpha": 0.6281517049462329,
                    "beta": 1.0411104013632502
                }
            }
        ],
        "resolution": [
            [
                512,
                512
            ],
            [
                512,
                512
            ]
        ],
        "calib_accel_bias": [
            0.0,
            0.0,
            0.0,
            0.0,
            0.0,
            0.0,
            0.0,
            0.0,
            0.0
        ],
        "calib_gyro_bias": [
            0.0,
            0.0,
            0.0,
            0.0,
            0.0,
            0.0,
            0.0,
            0.0,
            0.0,
            0.0,
            0.0,
            0.0
        ],
        "imu_update_rate": 200.0,
        "accel_noise_std": [
            0.016,
            0.016,
            0.016
        ],
        "gyro_noise_std": [
            0.000282,
            0.000282,
            0.000282
        ],
        "accel_bias_std": [
            0.001,
            0.001,
            0.001
        ],
        "gyro_bias_std": [
            0.0001,
            0.0001,
            0.0001
        ],
        "cam_time_offset_ns": 0,
        "vignette": []
    }
}